YEAR,STATE_NAME,STATE_NUMBER,REGION,DIVISION,TOTAL_POPULATION,RACE_WHITE,RACE_BLACK,RACE_OTHER,AGE_0_TO_19,AGE_20_TO_39,AGE_40_TO_59,AGE_60_TO_79,AGE_80_AND_OVER,ORIGIN_HISPANIC,ORIGIN_NOT_HISPANIC,SEX_FEMALE,SEX_MALE
2000,Alabama,1,South,East South Central,4447207,3195561,1158988,92658,1256218,1250228,1170854,624964,144943,75821,4371386,2300647,2146560
2000,Alaska,2,West,Pacific,626933,446431,22909,157593,208114,185095,180695,46700,6329,25852,601081,302821,324112
2000,Arizona,4,West,Mountain,5130247,4518143,168952,443152,1518175,1498202,1242614,711472,159784,1295616,3834631,2569382,2560865
2000,Arkansas,5,South,West South Central,2673293,2183097,420516,69680,760477,734755,686669,392228,99164,86862,2586431,1368647,1304646
2000,California,6,West,Pacific,33871653,26365296,2381132,5125225,10234576,10425088,8469482,3814015,928492,10966547,22905106,16996778,16874875
2000,Colorado,8,West,Mountain,4302086,3903965,173426,224695,1224898,1336591,1179771,456963,103863,735728,3566358,2135696,2166390
2000,Connecticut,9,Northeast,New England ,3405650,2933101,334383,138166,925728,930098,947988,464315,137521,320342,3085308,1756291,1649359
2000,Delaware,10,South,South Atlantic,783559,601024,153584,28951,218241,225155,206250,109850,24063,37281,746278,403034,380525
2000,District of Columbia,11,South,South Atlantic,572086,197177,349409,25500,135812,199540,144851,72878,19005,44954,527132,302704,269382
2000,Florida,12,South,South Atlantic,15982571,13036815,2429060,516696,4048709,4273531,4115316,2806283,738732,2682872,13299699,8184737,7797834
2000,Georgia,13,South,South Atlantic,8186653,5535237,2370827,280589,2414881,2590230,2110449,879074,192019,435227,7751426,4159444,4027209
2000,Hawaii,15,West,Pacific,1211497,313670,23334,874493,327252,350501,326763,167030,39951,87703,1123794,602846,608651
2000,Idaho,16,West,Mountain,1293957,1239176,5925,48856,413858,358341,328316,153939,39503,101690,1192267,645296,648661
2000,Illinois,17,Midwest,East North Central,12419927,9922146,1901825,595956,3605648,3659546,3191630,1552260,410843,1530320,10889607,6339284,6080643
2000,Indiana,18,Midwest,East North Central,6080827,5428653,516391,135783,1763541,1735131,1593571,790971,197613,214585,5866242,3098091,2982736
2000,Iowa,19,Midwest,West North Central,2926538,2791860,63367,71311,828003,784639,759198,421922,132776,82480,2844058,1490917,1435621
2000,Kansas,20,Midwest,West North Central,2688925,2414864,157441,116620,798534,746772,688687,349731,105201,188298,2500627,1360198,1328727
2000,Kentucky,21,South,East South Central,4042193,3667953,298866,75374,1113714,1173241,1082296,546839,126103,59936,3982257,2066664,1975529
2000,Louisiana,22,South,West South Central,4469035,2894426,1457931,116678,1368060,1269888,1143887,560025,127175,107739,4361296,2306093,2162942
2000,Maine,23,Northeast,New England ,1274779,1240091,7208,27480,335454,331388,369865,188968,49104,9356,1265423,654540,620239
2000,Maryland,24,South,South Atlantic,5296647,3493653,1499612,303382,1493011,1527464,1475091,651547,149534,227908,5068739,2738769,2557878
2000,Massachusetts,25,Northeast,New England ,6349364,5604673,406247,338444,1675153,1871709,1705855,849243,247404,428741,5920623,3290407,3058957
2000,Michigan,26,Midwest,East North Central,9938823,8137924,1426328,374571,2884099,2793380,2664931,1280405,316008,323910,9614913,5065538,4873285
2000,Minnesota,27,Midwest,West North Central,4919631,4474566,179938,265127,1434853,1408125,1304270,596609,175774,143394,4776237,2483919,2435712
2000,Mississippi,28,South,East South Central,2844754,1761581,1035639,47534,873240,807088,707269,367898,89259,39569,2805185,1471153,1373601
2000,Missouri,29,Midwest,West North Central,5596564,4804663,634758,157143,1594181,1552393,1466261,778787,204942,118620,5477944,2874963,2721601
2000,Montana,30,West,Mountain,902200,824269,2813,75118,257440,228238,257625,125175,33722,18084,884116,452723,449477
2000,Nebraska,31,Midwest,West North Central,1711230,1585587,70045,55598,504317,473621,437123,227658,68511,94419,1616811,867903,843327
2000,Nevada,32,West,Mountain,1998250,1682522,140125,175603,561494,602518,530162,261771,42305,393966,1604284,980202,1018048
2000,New Hampshire,33,Northeast,New England ,1235807,1195977,9948,29882,344194,338492,358178,155902,39041,20486,1215321,628112,607695
2000,New Jersey,34,Northeast,Middle Atlantic,8414764,6587980,1212323,614461,2284189,2397121,2289579,1145535,298340,1117236,7297528,4331726,4083038
2000,New Mexico,35,West,Mountain,1819017,1553005,38433,227579,564833,495788,474577,233066,50753,765406,1053611,924682,894335
2000,New York,36,Northeast,Middle Atlantic,18977026,14161617,3345937,1469472,5211278,5567882,4993253,2546314,658299,2867682,16109344,9829973,9147053
2000,North Carolina,37,South,South Atlantic,8046346,5998646,1752636,295064,2191977,2444965,2116946,1058645,233813,378889,7667457,4104692,3941654
2000,North Dakota,38,Midwest,West North Central,642237,596757,4157,41323,183466,174385,165383,89508,29495,7789,634448,321692,320545
2000,Ohio,39,Midwest,East North Central,11353336,9749239,1318010,286087,3215974,3132575,3041192,1571549,392046,217099,11136237,5840964,5512372
2000,Oklahoma,40,South,West South Central,3450451,2721370,264244,464837,1002281,957901,891255,479639,119375,179294,3271157,1754633,1695818
2000,Oregon,41,West,Pacific,3421524,3127419,58477,235628,944027,956862,951021,445834,123780,275321,3146203,1724913,1696611
2000,Pennsylvania,42,Northeast,Middle Atlantic,12280548,10674562,1258914,347072,3270395,3257872,3321528,1903181,527572,394065,11886483,6351193,5929355
2000,Rhode Island,44,Northeast,New England ,1048259,942268,59931,46060,282612,297493,276767,146749,44638,90821,957438,544656,503603
2000,South Carolina,45,South,South Atlantic,4012023,2738896,1190021,83106,1135790,1157137,1067634,537624,113838,95088,3916935,2063078,1948945
2000,South Dakota,46,Midwest,West North Central,754858,674053,4960,75845,227473,200386,190079,104433,32487,10906,743952,380293,374565
2000,Tennessee,47,South,East South Central,5689427,4626599,938231,124597,1561078,1655558,1530129,767050,175612,123828,5565599,2919116,2770311
2000,Texas,48,South,West South Central,20851028,17452225,2454219,944584,6546288,6390315,5140948,2267644,505833,6669633,14181395,10498547,10352481
2000,Utah,49,West,Mountain,2233183,2100216,19376,113591,810987,702912,466613,203741,48930,201558,2031625,1114144,1119039
2000,Vermont,50,Northeast,New England ,608613,591213,3238,14162,166195,161766,178862,80897,20893,5506,603107,310373,298240
2000,Virginia,51,South,South Atlantic,7079057,5277314,1410793,390950,1937329,2128547,1947657,871828,193696,329573,6749484,3606938,3472119
2000,Washington,53,West,Pacific,5894281,5081885,199176,613220,1683044,1715282,1622670,691009,182276,441511,5452770,2959899,2934382
2000,West Virginia,54,South,South Atlantic,1808193,1723037,57790,27366,454695,478982,511768,293125,69623,12273,1795920,929097,879096
2000,Wisconsin,55,Midwest,East North Central,5363757,4864671,309136,189950,1532087,1498712,1425316,707066,200576,192922,5170835,2714663,2649094
2000,Wyoming,56,West,Mountain,493786,469425,3942,20419,145343,129784,141308,62810,14541,31670,462116,245401,248385
2001,Alabama,1,South,East South Central,4467634,3201387,1167403,98844,1249631,1238560,1201790,630834,146819,85722,4381912,2309496,2158138
2001,Alaska,2,West,Pacific,633714,448602,23269,161843,207943,182739,186923,49244,6865,27989,605725,305579,328135
2001,Arizona,4,West,Mountain,5273477,4629736,177795,465946,1546638,1526621,1304003,728864,167351,1366916,3906561,2641676,2631801
2001,Arkansas,5,South,West South Central,2691571,2193483,423863,74225,756879,734051,705566,395063,100012,96526,2595045,1376845,1314726
2001,California,6,West,Pacific,34479458,26685881,2401620,5391957,10313880,10521825,8804243,3871171,968339,11383962,23095496,17294223,17185235
2001,Colorado,8,West,Mountain,4425687,4003807,179725,242155,1256827,1357228,1234321,468776,108535,783269,3642418,2195705,2229982
2001,Connecticut,9,Northeast,New England ,3432835,2943314,341092,148429,934730,911767,980206,464300,141832,338119,3094716,1768959,1663876
2001,Delaware,10,South,South Atlantic,795699,605604,158232,31863,219794,224487,214501,111767,25150,40908,754791,409349,386350
2001,District of Columbia,11,South,South Atlantic,574504,202592,344975,26937,135330,200137,147623,72291,19123,46817,527687,303740,270764
2001,Florida,12,South,South Atlantic,16356966,13288274,2508333,560359,4121474,4318213,4317285,2841167,758827,2861659,13495307,8372776,7984190
2001,Georgia,13,South,South Atlantic,8377038,5626978,2439572,310488,2460269,2614960,2202920,901769,197120,484128,7892910,4256162,4120876
2001,Hawaii,15,West,Pacific,1225948,317697,24966,883285,326708,350579,337072,169293,42296,91446,1134502,609189,616759
2001,Idaho,16,West,Mountain,1319962,1261313,6582,52067,418950,360952,341255,157811,40994,109067,1210895,658043,661919
2001,Illinois,17,Midwest,East North Central,12488445,9950330,1905312,632803,3603190,3629092,3283650,1552995,419518,1601533,10886912,6370443,6118002
2001,Indiana,18,Midwest,East North Central,6127760,5454064,526774,146922,1767384,1722195,1639897,795523,202761,234469,5893291,3120158,3007602
2001,Iowa,19,Midwest,West North Central,2931997,2790973,65541,75483,824756,771922,779084,421046,135189,90470,2841527,1492287,1439710
2001,Kansas,20,Midwest,West North Central,2702162,2420268,158492,123402,798625,737027,710115,349365,107030,200720,2501442,1365966,1336196
2001,Kentucky,21,South,East South Central,4068132,3682706,304025,81401,1109841,1165973,1112141,552031,128146,67160,4000972,2076871,1991261
2001,Louisiana,22,South,West South Central,4477875,2891300,1464218,122357,1349122,1259944,1175286,564111,129412,116210,4361665,2308063,2169812
2001,Maine,23,Northeast,New England ,1285692,1248311,8189,29192,335588,325404,383402,190765,50533,10490,1275202,659657,626035
2001,Maryland,24,South,South Atlantic,5374691,3514540,1533621,326530,1506076,1521365,1529252,661591,156407,251351,5123340,2779864,2594827
2001,Massachusetts,25,Northeast,New England ,6397634,5613591,419956,364087,1683014,1854328,1760571,847293,252428,455161,5942473,3312567,3085067
2001,Michigan,26,Midwest,East North Central,9991120,8158479,1436646,395995,2880673,2760363,2737559,1286175,326350,343617,9647503,5089289,4901831
2001,Minnesota,27,Midwest,West North Central,4982796,4509697,192058,281041,1443735,1399766,1355513,603462,180320,158050,4824746,2514149,2468647
2001,Mississippi,28,South,East South Central,2852994,1762488,1040145,50361,863810,801145,728038,370936,89065,44168,2808826,1473486,1379508
2001,Missouri,29,Midwest,West North Central,5641142,4829908,643919,167315,1593065,1541276,1513809,784570,208422,128844,5512298,2895476,2745666
2001,Montana,30,West,Mountain,906961,826639,3154,77168,256430,223941,264636,127430,34524,19546,887415,454683,452278
2001,Nebraska,31,Midwest,West North Central,1719836,1588686,71746,59404,504986,466869,450611,227593,69777,103215,1616621,871208,848628
2001,Nevada,32,West,Mountain,2098399,1751909,150616,195874,584060,625188,565778,277312,46061,433396,1665003,1030850,1067549
2001,New Hampshire,33,Northeast,New England ,1255517,1211196,11031,33290,347811,335492,374186,157771,40257,23049,1232468,637412,618105
2001,New Jersey,34,Northeast,Middle Atlantic,8492671,6606138,1225586,660947,2303248,2371989,2364191,1145222,308021,1173732,7318939,4369932,4122739
2001,New Mexico,35,West,Mountain,1831690,1558945,39240,233505,560758,490451,489041,238102,53338,783543,1048147,930387,901303
2001,New York,36,Northeast,Middle Atlantic,19082838,14171067,3362588,1549183,5193778,5526024,5130203,2554169,678664,2952390,16130448,9878713,9204125
2001,North Carolina,37,South,South Atlantic,8210122,6099850,1788451,321821,2239347,2445704,2204795,1078155,242121,424721,7785401,4187317,4022805
2001,North Dakota,38,Midwest,West North Central,639062,591964,4568,42530,181084,169821,169275,89095,29787,8377,630685,319787,319275
2001,Ohio,39,Midwest,East North Central,11387404,9748013,1335348,304043,3200250,3091987,3120370,1572462,402335,232498,11154906,5853691,5533713
2001,Oklahoma,40,South,West South Central,3467100,2722405,265290,479405,996798,951832,914727,483448,120295,195483,3271617,1760052,1707048
2001,Oregon,41,West,Pacific,3467937,3158673,60227,249037,947017,960193,980251,452312,128164,296083,3171854,1747889,1720048
2001,Pennsylvania,42,Northeast,Middle Atlantic,12298970,10651965,1273174,373831,3256966,3203632,3409598,1888691,540083,421461,11877509,6354395,5944575
2001,Rhode Island,44,Northeast,New England ,1057142,945933,62318,48891,283057,296022,286749,145470,45844,96675,960467,548974,508168
2001,South Carolina,45,South,South Atlantic,4064995,2771630,1203169,90196,1140572,1154110,1103699,548706,117908,107615,3957380,2089963,1975032
2001,South Dakota,46,Midwest,West North Central,757972,674503,5538,77931,226592,197508,196638,104105,33129,12581,745391,381537,376435
2001,Tennessee,47,South,East South Central,5750789,4662873,953361,134555,1565704,1651023,1576048,778494,179520,139039,5611750,2948421,2802368
2001,Texas,48,South,West South Central,21319622,17788213,2511451,1019958,6650892,6465364,5368424,2315883,519059,6987005,14332617,10731190,10588432
2001,Utah,49,West,Mountain,2283715,2142381,20811,120523,819288,717400,487417,208858,50752,217648,2066067,1139182,1144533
2001,Vermont,50,Northeast,New England ,612223,593614,3618,14991,166257,158178,184376,81925,21487,6104,606119,311779,300444
2001,Virginia,51,South,South Atlantic,7198362,5342181,1431476,424705,1960964,2126661,2020093,889657,200987,361650,6836712,3665386,3532976
2001,Washington,53,West,Pacific,5985722,5131720,205250,648752,1688011,1724900,1681899,701261,189651,473640,5512082,3002080,2983642
2001,West Virginia,54,South,South Atlantic,1801481,1715007,57651,28823,446339,470713,520362,293778,70289,13147,1788334,923643,877838
2001,Wisconsin,55,Midwest,East North Central,5406835,4889223,316863,200749,1535518,1479848,1476701,709926,204842,209771,5197064,2733647,2673188
2001,Wyoming,56,West,Mountain,494657,469145,4181,21331,142882,127957,144984,63874,14960,32956,461701,245327,249330
2002,Alabama,1,South,East South Central,4480089,3204279,1171672,104138,1244435,1227597,1223572,636938,147547,94179,4385910,2314370,2165719
2002,Alaska,2,West,Pacific,642337,452784,23838,165715,208485,182703,192043,51796,7310,29943,612394,309633,332704
2002,Arizona,4,West,Mountain,5396255,4723484,186140,486631,1575649,1547767,1353054,746811,172974,1426437,3969818,2704217,2692038
2002,Arkansas,5,South,West South Central,2705927,2202027,425707,78193,755574,732977,717293,399704,100379,105694,2600233,1383239,1322688
2002,California,6,West,Pacific,34871843,26874787,2413281,5583775,10354903,10537296,9054516,3923864,1001264,11705795,23166048,17498462,17373381
2002,Colorado,8,West,Mountain,4490406,4052788,183260,254358,1269413,1360635,1269180,479002,112176,817023,3673383,2228665,2261741
2002,Connecticut,9,Northeast,New England ,3458749,2952581,347685,158483,940829,903229,1001899,467037,145755,353717,3105032,1780500,1678249
2002,Delaware,10,South,South Atlantic,806169,609830,162182,34157,221312,223918,220685,114099,26155,44187,761982,414652,391517
2002,District of Columbia,11,South,South Atlantic,573158,204051,341307,27800,134833,198409,148515,72128,19273,47054,526104,303146,270012
2002,Florida,12,South,South Atlantic,16689370,13511056,2577932,600382,4190302,4362705,4481301,2879795,775267,3013530,13675840,8541734,8147636
2002,Georgia,13,South,South Atlantic,8508256,5682323,2490704,335229,2493892,2618008,2270997,923983,201376,523285,7984971,4327934,4180322
2002,Hawaii,15,West,Pacific,1239613,323116,26235,890262,326687,351393,345702,171555,44276,95043,1144570,616192,623421
2002,Idaho,16,West,Mountain,1340372,1278798,7098,54476,421525,364012,350707,162027,42101,114838,1225534,668686,671686
2002,Illinois,17,Midwest,East North Central,12525556,9959242,1904805,661509,3594189,3600924,3344371,1560693,425379,1653300,10872256,6387897,6137659
2002,Indiana,18,Midwest,East North Central,6155967,5465558,533829,156580,1764686,1711716,1670883,801930,206752,249409,5906558,3133342,3022625
2002,Iowa,19,Midwest,West North Central,2934234,2787830,67360,79044,817559,766384,793215,420732,136344,96786,2837448,1491450,1442784
2002,Kansas,20,Midwest,West North Central,2713535,2424306,159551,129678,795970,734313,725175,349894,108183,210500,2503035,1371898,1341637
2002,Kentucky,21,South,East South Central,4089875,3696053,307401,86421,1109644,1158229,1133755,558367,129880,73197,4016678,2087223,2002652
2002,Louisiana,22,South,West South Central,4497267,2896613,1472718,127936,1338467,1257731,1199174,570292,131603,124055,4373212,2315524,2181743
2002,Maine,23,Northeast,New England ,1295960,1255910,9168,30882,334528,323364,392986,193553,51529,11465,1284495,664226,631734
2002,Maryland,24,South,South Atlantic,5440389,3531821,1562646,345922,1519125,1518557,1568139,672808,161760,273885,5166504,2815197,2625192
2002,Massachusetts,25,Northeast,New England ,6417206,5604564,430504,382138,1683589,1831328,1795930,849940,256419,473815,5943391,3319436,3097770
2002,Michigan,26,Midwest,East North Central,10015710,8162776,1439399,413535,2869862,2729702,2783173,1298177,334796,357136,9658574,5100171,4915539
2002,Minnesota,27,Midwest,West North Central,5018935,4523713,201763,293459,1439059,1394741,1390465,611193,183477,168979,4849956,2531205,2487730
2002,Mississippi,28,South,East South Central,2858681,1763314,1042311,53056,856037,796098,742908,374714,88924,47924,2810757,1475412,1383269
2002,Missouri,29,Midwest,West North Central,5674825,4848677,650232,175916,1589672,1536377,1545951,791469,211356,137828,5536997,2910476,2764349
2002,Montana,30,West,Mountain,911667,829714,3372,78581,253518,223479,269955,129559,35156,20622,891045,456712,454955
2002,Nebraska,31,Midwest,West North Central,1728292,1592778,72870,62644,504188,465107,460117,228325,70555,110994,1617298,874803,853489
2002,Nevada,32,West,Mountain,2173791,1801308,159264,213219,602712,638640,592857,290450,49132,465381,1708410,1069764,1104027
2002,New Hampshire,33,Northeast,New England ,1269089,1221276,11784,36029,348934,333291,384941,160633,41290,25288,1243801,643680,625409
2002,New Jersey,34,Northeast,Middle Atlantic,8552643,6617979,1235091,699573,2318754,2351497,2416042,1151787,314563,1218847,7333796,4398801,4153842
2002,New Mexico,35,West,Mountain,1855309,1575099,40480,239730,560824,493623,502641,243220,55001,800870,1054439,941856,913453
2002,New York,36,Northeast,Middle Atlantic,19137800,14159311,3367218,1611271,5177855,5478758,5219348,2569441,692398,3007143,16130657,9902927,9234873
2002,North Carolina,37,South,South Atlantic,8326201,6168788,1814581,342832,2273537,2434919,2267597,1100531,249617,461933,7864268,4250179,4076022
2002,North Dakota,38,Midwest,West North Central,638168,589576,4955,43637,177804,169042,172335,89025,29962,8999,629169,319017,319151
2002,Ohio,39,Midwest,East North Central,11407889,9740972,1348039,318878,3182127,3063960,3170465,1579608,411729,245320,11162569,5859385,5548504
2002,Oklahoma,40,South,West South Central,3489080,2730507,266755,491818,995124,953178,931712,488143,120923,210446,3278634,1769080,1720000
2002,Oregon,41,West,Pacific,3513424,3191365,62011,260048,949117,968813,1001981,461648,131865,313232,3200192,1771126,1742298
2002,Pennsylvania,42,Northeast,Middle Atlantic,12331031,10645010,1287953,398068,3247389,3176913,3471063,1884429,551237,447621,11883410,6363832,5967199
2002,Rhode Island,44,Northeast,New England ,1065995,949738,64599,51658,284138,295351,294361,144931,47214,101954,964041,553090,512905
2002,South Carolina,45,South,South Atlantic,4107795,2801386,1209656,96753,1145171,1152457,1129181,559671,121315,119542,3988253,2111069,1996726
2002,South Dakota,46,Midwest,West North Central,760020,674297,6076,79647,224075,196711,201395,104265,33574,13805,746215,382328,377692
2002,Tennessee,47,South,East South Central,5795918,4687848,964948,143122,1570856,1643406,1607782,791788,182086,152930,5642988,2971873,2824045
2002,Texas,48,South,West South Central,21690325,18048885,2558084,1083356,6731078,6528883,5537816,2361527,531021,7244849,14445476,10914653,10775672
2002,Utah,49,West,Mountain,2324815,2176691,22021,126103,823859,732319,502474,213998,52165,231111,2093704,1158853,1165962
2002,Vermont,50,Northeast,New England ,615442,595803,3882,15757,165358,156688,188202,83302,21892,6577,608865,312959,302483
2002,Virginia,51,South,South Atlantic,7286873,5387673,1446516,452684,1980961,2116619,2073899,907425,207969,389793,6897080,3713695,3573178
2002,Washington,53,West,Pacific,6052349,5166047,210038,676264,1687895,1729396,1724662,715351,195045,499071,5553278,3036742,3015607
2002,West Virginia,54,South,South Atlantic,1805414,1717331,57975,30108,443378,468763,526248,295800,71225,14038,1791376,923841,881573
2002,Wisconsin,55,Midwest,East North Central,5445162,4911636,323469,210057,1532552,1473271,1513901,716618,208820,223996,5221166,2751697,2693465
2002,Wyoming,56,West,Mountain,500017,473616,4285,22116,141970,129432,148128,65285,15202,34254,465763,247785,252232
2003,Alabama,1,South,East South Central,4503491,3215079,1178398,110014,1242649,1222252,1241099,648827,148664,103472,4400019,2324069,2179422
2003,Alaska,2,West,Pacific,648414,454912,23633,169869,207363,182581,195974,54691,7805,31417,616997,313034,335380
2003,Arizona,4,West,Mountain,5510364,4808335,194179,507850,1606325,1560089,1393871,771646,178433,1480908,4029456,2764077,2746287
2003,Arkansas,5,South,West South Central,2724816,2214256,427838,82722,756927,732147,728191,406806,100745,115624,2609192,1391523,1333293
2003,California,6,West,Pacific,35253159,27053595,2423031,5776533,10407621,10527303,9274013,4009805,1034417,12030015,23223144,17709509,17543650
2003,Colorado,8,West,Mountain,4528732,4080217,183960,264555,1276428,1346368,1295134,495109,115693,842340,3686392,2253214,2275518
2003,Connecticut,9,Northeast,New England ,3484336,2961169,354078,169089,944098,897485,1016750,476900,149103,369302,3115034,1793468,1690868
2003,Delaware,10,South,South Atlantic,818003,614839,166220,36944,222880,224248,226487,117453,26935,47599,770404,420802,397201
2003,District of Columbia,11,South,South Atlantic,568502,203997,335743,28762,132400,196509,148244,71966,19383,47580,520922,300607,267895
2003,Florida,12,South,South Atlantic,17004085,13718024,2645514,640547,4252139,4400814,4618650,2942310,790172,3160322,13843763,8697573,8306512
2003,Georgia,13,South,South Atlantic,8622793,5728088,2536506,358199,2526258,2606364,2328214,956862,205095,560133,8062660,4394952,4227841
2003,Hawaii,15,West,Pacific,1251154,325671,25480,900003,327319,349621,353171,174657,46386,97672,1153482,623753,627401
2003,Idaho,16,West,Mountain,1363380,1298524,7577,57279,424477,369141,358777,167864,43121,120694,1242686,679877,683503
2003,Illinois,17,Midwest,East North Central,12556006,9964017,1902184,689805,3581302,3571416,3388114,1583364,431810,1701923,10854083,6402859,6153147
2003,Indiana,18,Midwest,East North Central,6196638,5487993,542149,166496,1767761,1705976,1695268,816975,210658,266236,5930402,3152366,3044272
2003,Iowa,19,Midwest,West North Central,2941999,2789316,69438,83245,813899,762523,803434,424508,137635,103031,2838968,1493907,1448092
2003,Kansas,20,Midwest,West North Central,2723004,2427496,159824,135684,794276,728679,736909,354081,109059,220354,2502650,1377415,1345589
2003,Kentucky,21,South,East South Central,4117170,3715675,309918,91577,1112867,1149204,1153394,569829,131876,80016,4037154,2102308,2014862
2003,Louisiana,22,South,West South Central,4521042,2904896,1482589,133557,1331577,1255300,1220322,580217,133626,131268,4389774,2327153,2193889
2003,Maine,23,Northeast,New England ,1306513,1263512,10453,32548,333646,321853,400641,197901,52472,12520,1293993,668680,637833
2003,Maryland,24,South,South Atlantic,5496269,3541596,1589203,365470,1526497,1515877,1597634,689051,167210,297565,5198704,2843847,2652422
2003,Massachusetts,25,Northeast,New England ,6422565,5584298,439837,398430,1678346,1803763,1819430,860479,260547,490907,5931658,3320817,3101748
2003,Michigan,26,Midwest,East North Central,10041152,8167476,1442059,431617,2859024,2700833,2815295,1323331,342669,369577,9671575,5110521,4930631
2003,Minnesota,27,Midwest,West North Central,5053572,4536583,211770,305219,1435346,1388118,1418511,624512,187085,179719,4873853,2546999,2506573
2003,Mississippi,28,South,East South Central,2868312,1766235,1046235,55842,851364,791535,755239,381039,89135,51817,2816495,1479611,1388701
2003,Missouri,29,Midwest,West North Central,5709403,4868796,656313,184294,1588704,1528785,1573363,804487,214064,146861,5562542,2926556,2782847
2003,Montana,30,West,Mountain,919630,835759,3619,80252,252166,224662,273928,133251,35623,21814,897816,460116,459514
2003,Nebraska,31,Midwest,West North Central,1738643,1598208,74415,66020,503725,465039,468496,230485,70898,118380,1620263,879362,859281
2003,Nevada,32,West,Mountain,2248850,1850553,167550,230747,621575,652518,616163,306559,52035,495379,1753471,1108135,1140715
2003,New Hampshire,33,Northeast,New England ,1279840,1228935,12493,38412,348196,330593,393354,165279,42418,27025,1252815,648513,631327
2003,New Jersey,34,Northeast,Middle Atlantic,8601402,6622522,1243880,735000,2330306,2328615,2452821,1169229,320431,1263523,7337879,4421964,4179438
2003,New Mexico,35,West,Mountain,1877574,1590445,41351,245778,559903,496635,513962,250468,56606,817520,1060054,952303,925271
2003,New York,36,Northeast,Middle Atlantic,19175939,14139520,3366096,1670323,5149468,5435179,5285039,2601256,704997,3054405,16121534,9917810,9258129
2003,North Carolina,37,South,South Atlantic,8422501,6221883,1836358,364260,2300840,2408163,2323914,1133115,256469,495533,7926968,4313901,4108600
2003,North Dakota,38,Midwest,West North Central,638817,588683,5277,44857,174891,169568,174725,89652,29981,9714,629103,318896,319921
2003,Ohio,39,Midwest,East North Central,11434788,9739773,1359820,335195,3169697,3038142,3206861,1599562,420526,258609,11176179,5868535,5566253
2003,Oklahoma,40,South,West South Central,3504892,2733754,266870,504268,992384,949685,945353,495886,121584,222946,3281946,1777723,1727169
2003,Oregon,41,West,Pacific,3547376,3214075,63003,270298,949330,971382,1016851,474917,134896,328886,3218490,1788805,1758571
2003,Pennsylvania,42,Northeast,Middle Atlantic,12374658,10646774,1304608,423276,3239738,3161722,3513549,1899186,560463,477457,11897201,6377894,5996764
2003,Rhode Island,44,Northeast,New England ,1071342,950441,66719,54182,283928,293809,299565,145901,48139,107092,964250,555590,515752
2003,South Carolina,45,South,South Atlantic,4150297,2829623,1217203,103471,1149948,1149365,1150435,576209,124340,131166,4019131,2133967,2016330
2003,South Dakota,46,Midwest,West North Central,763729,675551,6575,81603,222664,196035,205572,105384,34074,15088,748641,383633,380096
2003,Tennessee,47,South,East South Central,5847812,4719321,976542,151949,1582280,1633566,1635641,811708,184617,167001,5680811,3000983,2846829
2003,Texas,48,South,West South Central,22030931,18288277,2598399,1144255,6809683,6558869,5692631,2425376,544372,7498587,14532344,11095953,10934978
2003,Utah,49,West,Mountain,2360137,2206161,22684,131292,829424,742293,514332,220837,53251,243047,2117090,1175867,1184270
2003,Vermont,50,Northeast,New England ,617858,597224,4243,16391,163855,155293,190801,85570,22339,6928,610930,314206,303652
2003,Virginia,51,South,South Atlantic,7366977,5427062,1459320,480595,1994268,2111296,2113076,934747,213590,418238,6948739,3757780,3609197
2003,Washington,53,West,Pacific,6104115,5188400,212949,702766,1686857,1723028,1757427,737440,199363,524164,5579951,3065739,3038376
2003,West Virginia,54,South,South Atlantic,1812295,1722107,58573,31615,441697,467730,530731,300292,71845,15166,1797129,925835,886460
2003,Wisconsin,55,Midwest,East North Central,5479203,4931084,329090,219029,1526736,1467758,1543220,729026,212463,237465,5241738,2766901,2712302
2003,Wyoming,56,West,Mountain,503453,476461,4330,22662,140764,129913,149982,67140,15654,35424,468029,249128,254325
2004,Alabama,1,South,East South Central,4530729,3227772,1186375,116582,1244847,1216067,1261006,659016,149793,113284,4417445,2337857,2192872
2004,Alaska,2,West,Pacific,659286,460845,23841,174600,207317,185157,200702,57846,8264,32879,626407,317807,341479
2004,Arizona,4,West,Mountain,5652404,4915749,205171,531484,1643951,1582562,1442282,798883,184726,1541006,4111398,2835606,2816798
2004,Arkansas,5,South,West South Central,2749686,2231084,430882,87720,761182,732530,741333,413449,101192,125103,2624583,1403048,1346638
2004,California,6,West,Pacific,35574576,27181516,2431898,5961162,10443725,10519091,9476722,4073665,1061373,12335567,23239009,17871415,17703161
2004,Colorado,8,West,Mountain,4575013,4110950,187991,276072,1278974,1347456,1318651,510033,119899,864744,3710269,2274511,2300502
2004,Connecticut,9,Northeast,New England ,3496094,2959756,358496,177842,943246,885639,1033865,481743,151601,382912,3113182,1798078,1698016
2004,Delaware,10,South,South Atlantic,830803,620674,170300,39829,224915,224468,232511,120937,27972,51274,779529,427320,403483
2004,District of Columbia,11,South,South Atlantic,567754,207551,329989,30214,130664,197087,148346,72148,19509,48243,519511,300284,267470
2004,Florida,12,South,South Atlantic,17415318,14002125,2726256,686937,4338695,4469971,4786598,3010812,809242,3331269,14084049,8902447,8512871
2004,Georgia,13,South,South Atlantic,8769252,5788756,2596632,383864,2563023,2621811,2390704,984721,208993,602574,8166678,4463524,4305728
2004,Hawaii,15,West,Pacific,1273569,331483,24511,917575,331052,351762,362712,179537,48506,101386,1172183,636864,636705
2004,Idaho,16,West,Mountain,1391802,1323502,8173,60127,429860,376151,367612,174043,44136,127308,1264494,693186,698616
2004,Illinois,17,Midwest,East North Central,12589773,9970145,1901496,718132,3571714,3546308,3436560,1595971,439220,1747272,10842501,6414209,6175564
2004,Indiana,18,Midwest,East North Central,6233007,5505822,550372,176813,1773433,1694397,1725117,825454,214606,283216,5949791,3168952,3064055
2004,Iowa,19,Midwest,West North Central,2953635,2794216,71875,87544,812234,758987,816251,427256,138907,109772,2843863,1498888,1454747
2004,Kansas,20,Midwest,West North Central,2734373,2432319,161027,141027,791308,726725,748180,357444,110716,230124,2504249,1382396,1351977
2004,Kentucky,21,South,East South Central,4146101,3733491,315144,97466,1113460,1147550,1173554,577685,133852,87207,4058894,2112051,2034050
2004,Louisiana,22,South,West South Central,4552238,2917956,1494615,139667,1326027,1260487,1242390,588044,135290,139738,4412500,2338753,2213485
2004,Maine,23,Northeast,New England ,1313688,1268201,11451,34036,331832,318625,407773,202089,53369,13464,1300224,671862,641826
2004,Maryland,24,South,South Atlantic,5546935,3545041,1616804,385090,1533272,1507944,1631984,701748,171987,322895,5224040,2870043,2676892
2004,Massachusetts,25,Northeast,New England ,6412281,5551053,446863,414365,1668500,1768034,1845472,865679,264596,506289,5905992,3314634,3097647
2004,Michigan,26,Midwest,East North Central,10055315,8164812,1443419,447084,2847180,2661505,2855937,1340298,350395,381150,9674165,5117929,4937386
2004,Minnesota,27,Midwest,West North Central,5087713,4547732,222195,317786,1434533,1380646,1447498,635285,189751,190294,4897419,2564037,2523676
2004,Mississippi,28,South,East South Central,2889010,1775608,1054419,58983,852530,789392,769787,387392,89909,55734,2833276,1490115,1398895
2004,Missouri,29,Midwest,West North Central,5747741,4891042,663205,193494,1590304,1525336,1600586,815079,216436,156048,5591693,2942685,2805056
2004,Montana,30,West,Mountain,930009,844155,3863,81991,251286,226839,278867,136691,36326,22766,907243,465000,465009
2004,Nebraska,31,Midwest,West North Central,1749370,1604000,75843,69527,503876,465469,475692,232700,71633,124667,1624703,883984,865386
2004,Nevada,32,West,Mountain,2346222,1915799,178908,251515,647180,675407,646493,322107,55035,531663,1814559,1156586,1189636
2004,New Hampshire,33,Northeast,New England ,1290121,1236305,13224,40592,346853,326648,402157,170787,43676,28780,1261341,653845,636276
2004,New Jersey,34,Northeast,Middle Atlantic,8634561,6615292,1250367,768902,2336900,2298923,2496659,1175867,326212,1304751,7329810,4436964,4197597
2004,New Mexico,35,West,Mountain,1903808,1609492,42590,251726,560713,502349,525557,256951,58238,834722,1069086,964738,939070
2004,New York,36,Northeast,Middle Atlantic,19171567,14092313,3354749,1724505,5110669,5365422,5361044,2615585,718847,3092293,16079274,9913527,9258040
2004,North Carolina,37,South,South Atlantic,8553152,6301196,1864749,387207,2330717,2416969,2379919,1161599,263948,534364,8018788,4376070,4177082
2004,North Dakota,38,Midwest,West North Central,644705,592452,5844,46409,173733,172514,177322,90614,30522,10359,634346,321008,323697
2004,Ohio,39,Midwest,East North Central,11452251,9731678,1369741,350832,3160151,3004427,3253012,1605974,428687,271798,11180453,5874411,5577840
2004,Oklahoma,40,South,West South Central,3525233,2740106,268228,516899,990091,951674,957011,503487,122970,236132,3289101,1784671,1740562
2004,Oregon,41,West,Pacific,3569463,3226562,63707,279194,945880,967597,1029408,488250,138328,343677,3225786,1800377,1769086
2004,Pennsylvania,42,Northeast,Middle Atlantic,12410722,10638463,1323311,448948,3235436,3137750,3567499,1900922,569115,510353,11900369,6390749,6019973
2004,Rhode Island,44,Northeast,New England ,1074579,949376,68779,56424,283300,291520,304083,146447,49229,111016,963563,556375,518204
2004,South Carolina,45,South,South Atlantic,4210921,2872043,1228313,110565,1158386,1153781,1177320,592622,128812,144106,4066815,2162305,2048616
2004,South Dakota,46,Midwest,West North Central,770396,679638,7052,83706,222129,196969,209798,106778,34722,16371,754025,386677,383719
2004,Tennessee,47,South,East South Central,5910809,4758617,990590,161602,1594363,1633318,1666166,828906,188056,183955,5726854,3027931,2882878
2004,Texas,48,South,West South Central,22394023,18543328,2644550,1206145,6893798,6602654,5846743,2491446,559382,7749995,14644028,11278402,11115621
2004,Utah,49,West,Mountain,2401580,2241095,23873,136612,839214,753229,526191,228364,54582,254864,2146716,1196749,1204831
2004,Vermont,50,Northeast,New England ,619920,598348,4599,16973,162214,153605,193628,87618,22855,7344,612576,315080,304840
2004,Virginia,51,South,South Atlantic,7475575,5484790,1479563,511222,2018321,2116471,2164244,957121,219418,449301,7026274,3814310,3661265
2004,Washington,53,West,Pacific,6178645,5228882,217049,732714,1695630,1722412,1795066,760997,204540,553147,5625498,3107815,3070830
2004,West Virginia,54,South,South Atlantic,1816438,1724169,59041,33228,441555,463638,536602,301865,72778,16201,1800237,927027,889411
2004,Wisconsin,55,Midwest,East North Central,5514026,4952000,334119,227907,1523677,1459644,1576152,738362,216191,250997,5263029,2782678,2731348
2004,Wyoming,56,West,Mountain,509106,481147,4530,23429,140504,131848,151966,68743,16045,37001,472105,251506,257600
2005,Alabama,1,South,East South Central,4569805,3249443,1197062,123300,1248672,1216014,1282614,670353,152152,124822,4444983,2356423,2213382
2005,Alaska,2,West,Pacific,666946,464201,23577,179168,205778,187741,203926,60751,8750,34422,632524,320920,346026
2005,Arizona,4,West,Mountain,5839077,5057542,218998,562537,1693743,1620887,1499632,832009,192806,1618339,4220738,2930811,2908266
2005,Arkansas,5,South,West South Central,2781097,2253503,434165,93429,767761,736075,754448,420544,102269,137148,2643949,1418295,1362802
2005,California,6,West,Pacific,35827943,27239976,2435330,6152637,10441553,10501239,9645487,4145070,1094594,12619831,23208112,17996230,17831713
2005,Colorado,8,West,Mountain,4631888,4153715,189701,288472,1289504,1345574,1345425,527817,123568,892419,3739469,2308238,2323650
2005,Connecticut,9,Northeast,New England ,3506956,2956769,363122,187065,939226,878180,1050587,484538,154425,396323,3110633,1802068,1704888
2005,Delaware,10,South,South Atlantic,845150,626708,175719,42723,227482,225423,238733,124543,28969,55375,789775,435227,409923
2005,District of Columbia,11,South,South Atlantic,567136,212613,323785,30738,128159,199002,148376,71898,19701,48584,518552,299613,267523
2005,Florida,12,South,South Atlantic,17842038,14289528,2815695,736815,4426511,4550157,4957024,3079767,828579,3524067,14317971,9117950,8724088
2005,Georgia,13,South,South Atlantic,8925922,5854820,2660022,411080,2610593,2615503,2463522,1021433,214871,646959,8278963,4555263,4370659
2005,Hawaii,15,West,Pacific,1292729,338640,25064,929025,331125,358189,367917,184247,51251,104657,1188072,644813,647916
2005,Idaho,16,West,Mountain,1428241,1355373,8832,64036,439230,384141,378108,181331,45431,135345,1292896,711983,716258
2005,Illinois,17,Midwest,East North Central,12609903,9964479,1898861,746563,3552913,3520708,3484974,1605404,445904,1792149,10817754,6423831,6186072
2005,Indiana,18,Midwest,East North Central,6278616,5531635,559224,187757,1780255,1689914,1753711,835546,219190,303357,5975259,3191481,3087135
2005,Iowa,19,Midwest,West North Central,2964454,2798240,74702,91512,809750,758341,826775,429310,140278,116416,2848038,1503019,1461435
2005,Kansas,20,Midwest,West North Central,2745299,2437298,161304,146697,789469,724731,758274,360808,112017,240651,2504648,1387958,1357341
2005,Kentucky,21,South,East South Central,4182742,3759457,319733,103552,1119269,1143229,1194334,588783,137127,95238,4087504,2129658,2053084
2005,Louisiana,22,South,West South Central,4576628,2926779,1504504,145345,1319313,1261328,1261173,597252,137562,148801,4427827,2349441,2227187
2005,Maine,23,Northeast,New England ,1318787,1270616,12557,35614,328883,316178,413666,205642,54418,14307,1304480,674104,644683
2005,Maryland,24,South,South Atlantic,5592379,3544058,1642835,405486,1534518,1508395,1659112,713070,177284,350749,5241630,2891761,2700618
2005,Massachusetts,25,Northeast,New England ,6403290,5518356,454754,430180,1654917,1740360,1869248,870351,268414,521987,5881303,3309010,3094280
2005,Michigan,26,Midwest,East North Central,10051137,8147170,1441842,462125,2823815,2627972,2888006,1352962,358382,392685,9658452,5114320,4936817
2005,Minnesota,27,Midwest,West North Central,5119598,4556199,232332,331067,1429877,1380014,1472431,644881,192395,201462,4918136,2579546,2540052
2005,Mississippi,28,South,East South Central,2905943,1782506,1061415,62022,851115,786767,783005,394160,90896,60583,2845360,1497962,1407981
2005,Missouri,29,Midwest,West North Central,5790300,4917028,669907,203365,1591905,1525496,1627745,825205,219949,165970,5624330,2962870,2827430
2005,Montana,30,West,Mountain,940102,852189,3899,84014,250134,230148,282753,140209,36858,24153,915949,469780,470322
2005,Nebraska,31,Midwest,West North Central,1761497,1611295,77334,72868,503481,467736,482706,234822,72752,131467,1630030,889468,872029
2005,Nevada,32,West,Mountain,2432143,1968095,190486,273562,670125,698692,672652,332949,57725,570527,1861616,1198846,1233297
2005,New Hampshire,33,Northeast,New England ,1298492,1241585,13888,43019,345256,324033,410194,174062,44947,30429,1268063,657932,640560
2005,New Jersey,34,Northeast,Middle Atlantic,8651974,6595551,1253750,802673,2332099,2273289,2534899,1179519,332168,1343332,7308642,4443545,4208429
2005,New Mexico,35,West,Mountain,1932274,1631078,43575,257621,562362,507124,537064,265643,60081,854026,1078248,978520,953754
2005,New York,36,Northeast,Middle Atlantic,19132610,14009676,3343142,1779792,5053118,5304113,5420273,2622589,732517,3125400,16007210,9887467,9245143
2005,North Carolina,37,South,South Atlantic,8705407,6396990,1896346,412071,2371142,2425594,2443382,1193848,271441,576892,8128515,4457189,4248218
2005,North Dakota,38,Midwest,West North Central,646089,592012,6380,47697,171700,173302,179301,91201,30585,10797,635292,321543,324546
2005,Ohio,39,Midwest,East North Central,11463320,9715818,1380184,367318,3142242,2977535,3294816,1610911,437816,286188,11177132,5876703,5586617
2005,Oklahoma,40,South,West South Central,3548597,2749192,269299,530106,992206,953819,968047,510917,123608,251203,3297394,1796475,1752122
2005,Oregon,41,West,Pacific,3613202,3256775,65155,291272,948792,975859,1044333,502772,141446,361623,3251579,1823447,1789755
2005,Pennsylvania,42,Northeast,Middle Atlantic,12449990,10631953,1342155,475882,3226468,3122186,3621526,1899832,579978,545049,11904941,6405053,6044937
2005,Rhode Island,44,Northeast,New England ,1067916,939748,69875,58293,278648,286729,306889,145941,49709,114237,953679,552832,515084
2005,South Carolina,45,South,South Atlantic,4270150,2914430,1237906,117814,1167061,1156330,1202102,612451,132206,158474,4111676,2192345,2077805
2005,South Dakota,46,Midwest,West North Central,775493,682268,7582,85643,221267,197801,213407,107937,35081,17549,757944,389021,386472
2005,Tennessee,47,South,East South Central,5991057,4812899,1006150,172008,1612057,1637627,1699582,849365,192426,204020,5787037,3068439,2922618
2005,Texas,48,South,West South Central,22778123,18808038,2696184,1273901,6978390,6667051,5992647,2563295,576740,8010747,14767376,11470439,11307684
2005,Utah,49,West,Mountain,2457719,2289230,25405,143084,854507,769194,540249,237153,56616,269469,2188250,1224741,1232978
2005,Vermont,50,Northeast,New England ,621215,598555,4958,17702,160018,152722,195626,89533,23316,7754,613461,315422,305793
2005,Virginia,51,South,South Atlantic,7577105,5535129,1497615,544361,2033460,2128528,2207040,982159,225918,482696,7094409,3863646,3713459
2005,Washington,53,West,Pacific,6257305,5271430,221729,764146,1698371,1735693,1827786,786303,209152,583264,5674041,3145396,3111909
2005,West Virginia,54,South,South Atlantic,1820492,1726255,59437,34800,439884,460933,541340,304543,73792,17573,1802919,927690,892802
2005,Wisconsin,55,Midwest,East North Central,5546166,4969387,339638,237141,1517031,1455899,1605586,747615,220035,265521,5280645,2797061,2749105
2005,Wyoming,56,West,Mountain,514157,485347,4574,24236,140105,133760,153556,70339,16397,38578,475579,253726,260431
2006,Alabama,1,South,East South Central,4628981,3283056,1215481,130444,1259673,1225963,1303698,684681,154966,137842,4491139,2385480,2243501
2006,Alaska,2,West,Pacific,675302,468452,23544,183306,205868,190502,206575,63273,9084,35505,639797,325121,350181
2006,Arizona,4,West,Mountain,6029141,5196133,235636,597372,1745335,1668718,1552552,863221,199315,1701963,4327178,3026134,3003007
2006,Arkansas,5,South,West South Central,2821761,2281831,441071,98859,776646,743915,767540,429432,104228,149583,2672178,1438428,1383333
2006,California,6,West,Pacific,36021202,27242743,2437459,6341000,10426324,10504725,9767624,4208770,1113759,12876105,23145097,18097471,17923731
2006,Colorado,8,West,Mountain,4720423,4222448,195570,302405,1305551,1365321,1371178,549861,128512,923306,3797117,2352960,2367463
2006,Connecticut,9,Northeast,New England ,3517460,2952473,368609,196378,935104,871594,1065114,489615,156033,412867,3104593,1807675,1709785
2006,Delaware,10,South,South Atlantic,859268,632832,180827,45609,229456,226384,244555,129031,29842,59478,799790,442766,416502
2006,District of Columbia,11,South,South Atlantic,570681,218088,319150,33443,126846,204045,148605,71584,19601,48522,522159,301322,269359
2006,Florida,12,South,South Atlantic,18166990,14485480,2896799,784711,4495577,4625793,5083119,3122499,840002,3713980,14453010,9280080,8886910
2006,Georgia,13,South,South Atlantic,9155813,5953097,2759169,443547,2669592,2664757,2532055,1066432,222977,699663,8456150,4670606,4485207
2006,Hawaii,15,West,Pacific,1309731,344813,24767,940151,332764,362954,372298,188660,53055,108323,1201408,652351,657380
2006,Idaho,16,West,Mountain,1468669,1391427,9506,67736,449429,394271,388358,189780,46831,145495,1323174,732104,736565
2006,Illinois,17,Midwest,East North Central,12643955,9967930,1898778,777247,3537020,3517135,3522006,1616570,451224,1840227,10803728,6440022,6203933
2006,Indiana,18,Midwest,East North Central,6332669,5562992,570182,199495,1790845,1692835,1777864,847332,223793,324357,6008312,3218203,3114466
2006,Iowa,19,Midwest,West North Central,2982644,2808422,78082,96140,812182,760487,835645,432392,141938,123714,2858930,1511124,1471520
2006,Kansas,20,Midwest,West North Central,2762931,2447092,163948,151891,789101,731502,764422,364547,113359,251627,2511304,1394092,1368839
2006,Kentucky,21,South,East South Central,4219239,3786270,323722,109247,1126137,1138201,1213845,601402,139654,102180,4117059,2149096,2070143
2006,Louisiana,22,South,West South Central,4302665,2810184,1353087,139394,1209304,1171017,1211596,578165,132583,145440,4157225,2204072,2098593
2006,Maine,23,Northeast,New England ,1323619,1273045,13541,37033,325899,313901,418384,209788,55647,15085,1308534,676157,647462
2006,Maryland,24,South,South Atlantic,5627367,3537775,1664866,424726,1532167,1511500,1679521,722558,181621,379462,5247905,2907963,2719404
2006,Massachusetts,25,Northeast,New England ,6410084,5499169,464016,446899,1644388,1727740,1889783,876156,272017,540944,5869140,3311185,3098899
2006,Michigan,26,Midwest,East North Central,10036081,8120608,1439518,475955,2796852,2592638,2911178,1368332,367081,403658,9632423,5106621,4929460
2006,Minnesota,27,Midwest,West North Central,5163555,4573137,244813,345605,1430719,1386027,1493840,656882,196087,212924,4950631,2600951,2562604
2006,Mississippi,28,South,East South Central,2904978,1770305,1070798,63875,846218,779224,789980,398588,90968,64434,2840544,1496313,1408665
2006,Missouri,29,Midwest,West North Central,5842704,4951012,678128,213564,1596872,1534211,1650736,837604,223281,177085,5665619,2987563,2855141
2006,Montana,30,West,Mountain,952692,862738,4107,85847,250037,234326,286211,144424,37694,25301,927391,475341,477351
2006,Nebraska,31,Midwest,West North Central,1772693,1616934,79189,76570,503694,470555,487383,237181,73880,138481,1634212,894687,878006
2006,Nevada,32,West,Mountain,2522658,2022570,203042,297046,695646,726121,697371,343442,60078,613429,1909229,1243993,1278665
2006,New Hampshire,33,Northeast,New England ,1308389,1248429,14737,45223,343282,322109,417531,179086,46381,32338,1276051,662773,645616
2006,New Jersey,34,Northeast,Middle Atlantic,8661679,6571143,1256590,833946,2320362,2251860,2563834,1187677,337946,1381040,7280639,4448099,4213580
2006,New Mexico,35,West,Mountain,1962137,1654067,44804,263266,564480,512430,547898,275533,61796,874649,1087488,993969,968168
2006,New York,36,Northeast,Middle Atlantic,19104631,13933304,3334119,1837208,5001918,5267419,5462826,2629632,742836,3162942,15941689,9871401,9233230
2006,North Carolina,37,South,South Atlantic,8917270,6534975,1941888,440407,2420033,2470353,2505192,1240153,281539,625096,8292174,4563152,4354118
2006,North Dakota,38,Midwest,West North Central,649422,593469,6708,49245,170222,175816,180280,91985,31119,11299,638123,322583,326839
2006,Ohio,39,Midwest,East North Central,11481213,9706701,1391674,382838,3128181,2956990,3326362,1621598,448082,300578,11180635,5883067,5598146
2006,Oklahoma,40,South,West South Central,3594090,2774199,273147,546744,1001264,965526,980691,520595,126014,268175,3325915,1818693,1775397
2006,Oregon,41,West,Pacific,3670883,3299010,67322,304551,956786,990510,1059616,519116,144855,381519,3289364,1853117,1817766
2006,Pennsylvania,42,Northeast,Middle Atlantic,12510809,10643317,1364087,503405,3223047,3124078,3667965,1903617,592102,583240,11927569,6429312,6081497
2006,Rhode Island,44,Northeast,New England ,1063096,932328,70831,59937,274986,281938,309040,146568,50564,117657,945439,550134,512962
2006,South Carolina,45,South,South Atlantic,4357847,2977023,1254565,126259,1182215,1169700,1229175,639622,137135,175689,4182158,2237655,2120192
2006,South Dakota,46,Midwest,West North Central,783033,687117,8094,87822,221597,199300,216581,109889,35666,18608,764425,392420,390613
2006,Tennessee,47,South,East South Central,6088766,4880336,1025289,183141,1634569,1644751,1735722,876062,197662,223916,5864850,3121455,2967311
2006,Texas,48,South,West South Central,23359580,19161346,2840751,1357483,7146953,6798469,6163998,2653903,596257,8308008,15051572,11771243,11588337
2006,Utah,49,West,Mountain,2525507,2347641,27173,150693,876494,788008,555618,246543,58844,287418,2238089,1257991,1267516
2006,Vermont,50,Northeast,New England ,622892,599014,5386,18492,157896,152216,197194,91603,23983,8137,614755,316290,306602
2006,Virginia,51,South,South Atlantic,7673725,5579437,1518543,575745,2046587,2147129,2243358,1004257,232394,516096,7157629,3908475,3765250
2006,Washington,53,West,Pacific,6370753,5339831,229193,801729,1713930,1767131,1859430,815327,214935,618798,5751955,3200695,3170058
2006,West Virginia,54,South,South Atlantic,1827912,1730899,60562,36451,439691,459350,545664,308011,75196,19028,1808884,930605,897307
2006,Wisconsin,55,Midwest,East North Central,5577655,4985569,345509,246577,1513469,1454032,1628797,758367,222990,280661,5296994,2812276,2765379
2006,Wyoming,56,West,Mountain,522667,492607,4671,25389,141210,137070,155779,71968,16640,40433,482234,257361,265306
2007,Alabama,1,South,East South Central,4672840,3308005,1227620,137215,1267999,1233415,1305313,708383,157730,150652,4522188,2407275,2265565
2007,Alaska,2,West,Pacific,680300,469996,23785,186519,204645,192712,205708,67847,9388,36229,644071,327138,353162
2007,Arizona,4,West,Mountain,6167681,5290642,249757,627282,1785103,1698524,1577252,902044,204758,1773645,4394036,3096998,3070683
2007,Arkansas,5,South,West South Central,2848650,2301121,443348,104181,782997,747804,768162,444384,105303,160397,2688253,1451358,1397292
2007,California,6,West,Pacific,36250311,27274909,2439919,6535483,10419053,10514010,9795214,4383108,1138926,13136305,23114006,18214926,18035385
2007,Colorado,8,West,Mountain,4803868,4287008,199716,317144,1323445,1382675,1380274,585157,132317,954181,3849687,2396433,2407435
2007,Connecticut,9,Northeast,New England ,3527270,2947983,373995,205292,930555,868118,1063099,507730,157768,429328,3097942,1811617,1715653
2007,Delaware,10,South,South Atlantic,871749,637429,185786,48534,231779,227390,246730,135102,30748,63149,808600,449398,422351
2007,District of Columbia,11,South,South Atlantic,574404,225204,315368,33832,125451,208614,147250,73297,19792,48982,525422,302949,271455
2007,Florida,12,South,South Atlantic,18367842,14593854,2950879,823109,4520513,4662031,5111417,3215246,858635,3872136,14495706,9378587,8989255
2007,Georgia,13,South,South Atlantic,9349988,6035687,2840424,473877,2729049,2690210,2572918,1129698,228113,751168,8598820,4777572,4572416
2007,Hawaii,15,West,Pacific,1315675,341883,23364,950428,333499,358412,374046,194948,54770,111147,1204528,657185,658490
2007,Idaho,16,West,Mountain,1505105,1423152,10175,71778,460456,403253,393267,200207,47922,155222,1349883,750127,754978
2007,Illinois,17,Midwest,East North Central,12695866,9986807,1898664,810395,3531290,3518437,3518283,1670065,457791,1889627,10806239,6467577,6228289
2007,Indiana,18,Midwest,East North Central,6379599,5589313,579608,210678,1800421,1693948,1778107,878915,228208,343653,6035946,3241454,3138145
2007,Iowa,19,Midwest,West North Central,2999212,2816456,81911,100845,814834,762416,832873,445597,143492,131042,2868170,1518023,1481189
2007,Kansas,20,Midwest,West North Central,2783785,2459729,165946,158110,794777,734529,762538,377305,114636,263655,2520130,1405705,1378080
2007,Kentucky,21,South,East South Central,4256672,3811498,329622,115552,1133012,1143701,1212957,624775,142227,110919,4145753,2164210,2092462
2007,Louisiana,22,South,West South Central,4375581,2835720,1393397,146464,1229822,1192056,1217278,600844,135581,158851,4216730,2239125,2136456
2007,Maine,23,Northeast,New England ,1327040,1274201,14465,38374,322741,311524,417215,218701,56859,15794,1311246,677797,649243
2007,Maryland,24,South,South Atlantic,5653408,3528708,1680981,443719,1527590,1511059,1676792,752249,185718,406186,5247222,2920109,2733299
2007,Massachusetts,25,Northeast,New England ,6431559,5494246,473702,463611,1637403,1721330,1887498,908532,276796,561049,5870510,3321653,3109906
2007,Michigan,26,Midwest,East North Central,10001284,8079951,1434092,487241,2765779,2548703,2893704,1417390,375708,412393,9588891,5091035,4910249
2007,Minnesota,27,Midwest,West North Central,5207203,4589755,256837,360611,1433925,1392941,1496150,684502,199685,223561,4983642,2622551,2584652
2007,Mississippi,28,South,East South Central,2928350,1779214,1082126,67010,852442,782054,789010,411971,92873,70066,2858284,1507071,1421279
2007,Missouri,29,Midwest,West North Central,5887612,4980125,684018,223469,1602212,1541582,1650821,866951,226046,187515,5700097,3007493,2880119
2007,Montana,30,West,Mountain,964706,872545,4192,87969,250912,237810,286291,151307,38386,26440,938266,480939,483767
2007,Nebraska,31,Midwest,West North Central,1783440,1622610,80643,80187,504876,472380,486450,244835,74899,145077,1638363,900106,883334
2007,Nevada,32,West,Mountain,2601072,2067437,213754,319881,718348,747376,710898,361898,62552,653390,1947682,1284052,1317020
2007,New Hampshire,33,Northeast,New England ,1312540,1250276,15121,47143,339591,318985,417544,188794,47626,33742,1278798,664987,647553
2007,New Jersey,34,Northeast,Middle Atlantic,8677885,6550031,1259993,867861,2310920,2239005,2559990,1223949,344021,1419887,7257998,4455148,4222737
2007,New Mexico,35,West,Mountain,1990070,1674570,45995,269505,568165,519038,550283,289106,63478,896537,1093533,1007922,982148
2007,New York,36,Northeast,Middle Atlantic,19132335,13899597,3330887,1901851,4965536,5262361,5440506,2707965,755967,3216035,15916300,9881510,9250825
2007,North Carolina,37,South,South Atlantic,9118037,6661931,1985772,470334,2480165,2495247,2548205,1303820,290600,676428,8441609,4677313,4440724
2007,North Dakota,38,Midwest,West North Central,652822,595177,6986,50659,169876,177328,179976,94382,31260,11899,640923,324066,328756
2007,Ohio,39,Midwest,East North Central,11500468,9698184,1402901,399383,3118812,2938425,3307772,1678047,457412,316034,11184434,5890965,5609503
2007,Oklahoma,40,South,West South Central,3634349,2794958,276157,563234,1011828,977660,979011,538602,127248,285618,3348731,1837175,1797174
2007,Oregon,41,West,Pacific,3722417,3335150,69349,317918,964328,1005257,1058885,546285,147662,402398,3320019,1879347,1843070
2007,Pennsylvania,42,Northeast,Middle Atlantic,12563937,10648442,1384015,531480,3217880,3126635,3660012,1957782,601628,621478,11942459,6452087,6111850
2007,Rhode Island,44,Northeast,New England ,1057315,923855,72053,61407,271011,278700,306305,150538,50761,120518,936797,546859,510456
2007,South Carolina,45,South,South Atlantic,4444110,3040155,1268537,135418,1200413,1186763,1241202,675096,140636,194211,4249899,2280792,2163318
2007,South Dakota,46,Midwest,West North Central,791623,692596,8806,90221,223026,201456,217559,113403,36179,19626,771997,396650,394973
2007,Tennessee,47,South,East South Central,6175727,4942949,1037827,194951,1652684,1663187,1743095,915391,201370,245692,5930035,3162280,3013447
2007,Texas,48,South,West South Central,23831983,19495829,2893199,1442955,7276869,6910715,6251445,2781917,611037,8618270,15213713,12010572,11821411
2007,Utah,49,West,Mountain,2597746,2409092,29397,159257,903708,809438,565777,258370,60453,309661,2288085,1292672,1305074
2007,Vermont,50,Northeast,New England ,623481,598657,5640,19184,155971,151074,196123,95758,24555,8492,614989,316538,306943
2007,Virginia,51,South,South Atlantic,7751000,5611286,1532613,607101,2057072,2157243,2248371,1050517,237797,546471,7204529,3947966,3803034
2007,Washington,53,West,Pacific,6461587,5389485,234347,837755,1729590,1785368,1866489,861306,218834,652679,5808908,3247800,3213787
2007,West Virginia,54,South,South Atlantic,1834052,1734522,61393,38137,439891,457417,541977,318089,76678,20146,1813906,932683,901369
2007,Wisconsin,55,Midwest,East North Central,5610775,5002847,351506,256422,1512810,1452985,1632997,785089,226894,296250,5314525,2827782,2782993
2007,Wyoming,56,West,Mountain,534876,503310,4945,26621,144357,142052,156011,75558,16898,43022,491854,262776,272100
2008,Alabama,1,South,East South Central,4718206,3332141,1241613,144452,1276607,1241396,1308752,730603,160848,163709,4554497,2430257,2287949
2008,Alaska,2,West,Pacific,687455,472582,23955,190918,204039,195882,205831,71905,9798,37256,650199,329412,358043
2008,Arizona,4,West,Mountain,6280362,5361814,263512,655036,1814820,1716357,1596607,942153,210425,1830866,4449496,3155278,3125084
2008,Arkansas,5,South,West South Central,2874554,2317769,447621,109164,788595,752418,769490,457811,106240,170231,2704323,1464220,1410334
2008,California,6,West,Pacific,36604337,27402890,2451963,6749484,10448668,10563274,9881389,4548020,1162986,13447993,23156344,18396972,18207365
2008,Colorado,8,West,Mountain,4889730,4351612,205038,333080,1341086,1403360,1392577,616534,136173,984899,3904831,2439060,2450670
2008,Connecticut,9,Northeast,New England ,3545579,2950893,379795,214891,926767,869141,1068267,521520,159884,446776,3098803,1820749,1724830
2008,Delaware,10,South,South Atlantic,883874,642053,190393,51428,233768,228371,248702,141291,31742,66725,817149,455481,428393
2008,District of Columbia,11,South,South Atlantic,580236,231736,311838,36662,124867,214169,146740,74773,19687,50446,529790,306265,273971
2008,Florida,12,South,South Atlantic,18527305,14667399,3002382,857524,4527628,4674582,5131629,3313020,880446,4009162,14518143,9465279,9062026
2008,Georgia,13,South,South Atlantic,9504843,6094787,2906606,503450,2763796,2714038,2607351,1185829,233829,795001,8709842,4856984,4647859
2008,Hawaii,15,West,Pacific,1332213,345948,23180,963085,335167,362829,374652,202995,56570,115331,1216882,665313,666900
2008,Idaho,16,West,Mountain,1534320,1448715,10570,75035,468822,410389,395951,210163,48995,163856,1370464,764792,769528
2008,Illinois,17,Midwest,East North Central,12747038,10005771,1899301,841966,3522622,3520716,3526920,1714384,462396,1941348,10805690,6493537,6253501
2008,Indiana,18,Midwest,East North Central,6424806,5614404,589021,221381,1808812,1696932,1782052,904538,232472,361715,6063091,3263963,3160843
2008,Iowa,19,Midwest,West North Central,3016734,2825541,85797,105396,818652,766118,831906,455607,144451,137819,2878915,1525539,1491195
2008,Kansas,20,Midwest,West North Central,2808076,2473656,169253,165167,799701,744791,760934,387393,115257,276744,2531332,1415563,1392513
2008,Kentucky,21,South,East South Central,4289878,3835099,333202,121577,1142982,1138611,1217995,645808,144482,118362,4171516,2183532,2106346
2008,Louisiana,22,South,West South Central,4435586,2856584,1424816,154186,1245348,1206202,1223951,621231,138854,170866,4264720,2269630,2165956
2008,Maine,23,Northeast,New England ,1330509,1275053,15407,40049,319449,309641,416387,226791,58241,16499,1314010,679413,651096
2008,Maryland,24,South,South Atlantic,5684965,3526113,1695633,463219,1522335,1513676,1680226,779048,189680,430375,5254590,2935788,2749177
2008,Massachusetts,25,Northeast,New England ,6468967,5501017,484952,482998,1632561,1724937,1896051,935307,280111,584748,5884219,3340730,3128237
2008,Michigan,26,Midwest,East North Central,9946889,8025124,1424533,497232,2724448,2503641,2878320,1457541,382939,420926,9525963,5065899,4880990
2008,Minnesota,27,Midwest,West North Central,5247018,4604227,267143,375648,1435004,1399598,1500936,708570,202910,234029,5012989,2642672,2604346
2008,Mississippi,28,South,East South Central,2947806,1785548,1092190,70068,855160,784008,790119,424028,94491,74973,2872833,1516955,1430851
2008,Missouri,29,Midwest,West North Central,5923916,5001808,689311,232797,1604617,1546817,1652451,891348,228683,197017,5726899,3024837,2899079
2008,Montana,30,West,Mountain,976415,882291,4282,89842,251982,241806,285953,157668,39006,27373,949042,486477,489938
2008,Nebraska,31,Midwest,West North Central,1796378,1629008,82903,84467,507566,476406,485620,251194,75592,152703,1643675,905814,890564
2008,Nevada,32,West,Mountain,2653630,2092646,222366,338618,731131,759020,720702,377912,64865,681879,1971751,1310601,1343029
2008,New Hampshire,33,Northeast,New England ,1315906,1250859,15739,49308,335369,316546,418113,197294,48584,35202,1280704,666576,649330
2008,New Jersey,34,Northeast,Middle Atlantic,8711090,6542862,1264816,903412,2303527,2238135,2567276,1252703,349449,1464525,7246565,4469901,4241189
2008,New Mexico,35,West,Mountain,2010662,1687600,46536,276526,571815,521249,551417,301044,65137,916565,1094097,1018578,992084
2008,New York,36,Northeast,Middle Atlantic,19212436,13896947,3341092,1974397,4945553,5283247,5447581,2769223,766832,3284992,15927444,9918841,9293595
2008,North Carolina,37,South,South Atlantic,9309449,6778908,2029922,500619,2523924,2539928,2583200,1363272,299125,728646,8580803,4771376,4538073
2008,North Dakota,38,Midwest,West North Central,657569,598020,7325,52224,169996,179500,179838,96611,31624,12560,645009,326131,331438
2008,Ohio,39,Midwest,East North Central,11515391,9686422,1412676,416293,3105558,2922158,3299256,1722997,465422,330867,11184524,5896594,5618797
2008,Oklahoma,40,South,West South Central,3668976,2810940,277236,580800,1021071,984774,981251,553068,128812,300723,3368253,1854771,1814205
2008,Oregon,41,West,Pacific,3768748,3366833,71549,330366,971055,1017640,1059118,571443,149492,421853,3346895,1903535,1865213
2008,Pennsylvania,42,Northeast,Middle Atlantic,12612285,10649979,1403066,559240,3208808,3132693,3661614,1999100,610070,657589,11954696,6473295,6138990
2008,Rhode Island,44,Northeast,New England ,1055003,918265,73099,63639,268132,276127,305862,153671,51211,124191,930812,545412,509591
2008,South Carolina,45,South,South Atlantic,4528996,3098698,1285421,144877,1217007,1204654,1253381,709111,144843,212024,4316972,2325047,2203949
2008,South Dakota,46,Midwest,West North Central,799124,697376,9361,92387,224087,203624,217926,116801,36686,20777,778347,400236,398888
2008,Tennessee,47,South,East South Central,6247411,4994148,1048329,204934,1670378,1664317,1755421,952284,205011,262563,5984848,3203115,3044296
2008,Texas,48,South,West South Central,24309039,19826396,2952533,1530110,7409811,7021886,6349736,2903244,624362,8927300,15381739,12249936,12059103
2008,Utah,49,West,Mountain,2663029,2464247,30893,167889,927945,826914,575917,270200,62053,330732,2332297,1325631,1337398
2008,Vermont,50,Northeast,New England ,624151,598535,6051,19565,154133,150332,195049,99643,24994,8923,615228,316722,307429
2008,Virginia,51,South,South Atlantic,7833496,5647186,1548267,638043,2067145,2171186,2259698,1091955,243512,575669,7257827,3988983,3844513
2008,Washington,53,West,Pacific,6562231,5445589,242340,874302,1746269,1816945,1876164,901697,221156,690377,5871854,3293162,3269069
2008,West Virginia,54,South,South Atlantic,1840310,1738166,62258,39886,440893,455435,539618,326411,77953,21215,1819095,934911,905399
2008,Wisconsin,55,Midwest,East North Central,5640996,5017423,357415,266158,1511190,1453406,1637449,808387,230564,310916,5330080,2842268,2798728
2008,Wyoming,56,West,Mountain,546043,513386,4914,27743,147598,145726,156692,78773,17254,45949,500094,267982,278061
2009,Alabama,1,South,East South Central,4757938,3353244,1252307,152387,1278959,1250465,1313603,752304,162607,176518,4581420,2448159,2309779
2009,Alaska,2,West,Pacific,698895,477369,23979,197547,207358,196146,208244,76885,10262,38232,660663,337002,361893
2009,Arizona,4,West,Mountain,6343154,5391934,274594,676626,1817884,1718475,1610945,979658,216192,1866820,4476334,3189908,3153246
2009,Arkansas,5,South,West South Central,2896843,2331280,450633,114930,792501,756552,771126,469733,106931,179039,2717804,1475013,1421830
2009,California,6,West,Pacific,36961229,27529082,2469567,6962580,10451060,10620321,9975931,4729246,1184671,13759867,23201362,18583075,18378154
2009,Colorado,8,West,Mountain,4972195,4411960,210643,349592,1356810,1418401,1407082,649784,140118,1015491,3956704,2480710,2491485
2009,Connecticut,9,Northeast,New England ,3561807,2950870,386843,224094,921458,870225,1073259,535588,161277,465486,3096321,1828779,1733028
2009,Delaware,10,South,South Atlantic,891730,643755,193700,54275,234309,229074,250482,145494,32371,70815,820915,459795,431935
2009,District of Columbia,11,South,South Atlantic,592228,243218,310960,38050,125249,223865,146810,76480,19824,53621,538607,311828,280400
2009,Florida,12,South,South Atlantic,18652644,14720593,3043554,888497,4513647,4680931,5156832,3399873,901361,4124307,14528337,9534289,9118355
2009,Georgia,13,South,South Atlantic,9620846,6128558,2962318,529970,2777234,2726013,2636901,1241376,239322,830405,8790441,4917756,4703090
2009,Hawaii,15,West,Pacific,1346717,347116,22995,976606,337593,365341,374855,210577,58351,119105,1227612,673075,673642
2009,Idaho,16,West,Mountain,1554439,1465210,11104,78125,472822,413552,398497,219599,49969,170818,1383621,775398,779041
2009,Illinois,17,Midwest,East North Central,12796778,10021665,1901265,873848,3509764,3519547,3538888,1762533,466046,1990555,10806223,6520723,6276055
2009,Indiana,18,Midwest,East North Central,6459325,5628844,597417,233064,1809338,1697617,1785072,932239,235059,377857,6081468,3281477,3177848
2009,Iowa,19,Midwest,West North Central,3032870,2832951,89275,110644,820403,769229,832055,466618,144565,146041,2886829,1532739,1500131
2009,Kansas,20,Midwest,West North Central,2832704,2488611,171248,172845,806266,749614,762312,398945,115567,289553,2543151,1428139,1404565
2009,Kentucky,21,South,East South Central,4317074,3850283,338934,127857,1144346,1141693,1219116,666205,145714,126724,4190350,2193136,2123938
2009,Louisiana,22,South,West South Central,4491648,2881936,1447708,162004,1251268,1227579,1230334,641288,141179,183456,4308192,2295199,2196449
2009,Maine,23,Northeast,New England ,1329590,1272014,16150,41426,315049,307170,413924,234467,58980,17117,1312473,678694,650896
2009,Maryland,24,South,South Atlantic,5730388,3531017,1715421,483950,1518884,1521922,1688520,806972,194090,452784,5277604,2960001,2770387
2009,Massachusetts,25,Northeast,New England ,6517613,5517152,496558,503903,1628136,1736252,1905395,965453,282377,609411,5908202,3365859,3151754
2009,Michigan,26,Midwest,East North Central,9901591,7976600,1416742,508249,2682344,2464462,2865640,1501135,388010,429423,9472168,5044338,4857253
2009,Minnesota,27,Midwest,West North Central,5281203,4616560,275631,389012,1433773,1400548,1507585,734569,204728,242894,5038309,2659958,2621245
2009,Mississippi,28,South,East South Central,2958774,1788908,1097005,72861,853197,785063,789953,435446,95115,79695,2879079,1522000,1436774
2009,Missouri,29,Midwest,West North Central,5961088,5023152,695364,242572,1603978,1553702,1655581,917331,230496,205920,5755168,3042021,2919067
2009,Montana,30,West,Mountain,983982,887526,4354,92102,251745,243967,284390,164159,39721,28210,955772,490122,493860
2009,Nebraska,31,Midwest,West North Central,1812683,1639946,84684,88053,510372,480805,486302,258690,76514,160871,1651812,913619,899064
2009,Nevada,32,West,Mountain,2684665,2104015,228060,352590,736746,759686,727592,393496,67145,703367,1981298,1327618,1357047
2009,New Hampshire,33,Northeast,New England ,1316102,1249055,16108,50939,330126,313203,418850,204729,49194,36330,1279772,666875,649227
2009,New Jersey,34,Northeast,Middle Atlantic,8755602,6543428,1274062,938112,2297204,2239368,2582350,1281809,354871,1515870,7239732,4493506,4262096
2009,New Mexico,35,West,Mountain,2036802,1704855,47952,283995,576832,526900,552257,314157,66656,937564,1099238,1031238,1005564
2009,New York,36,Northeast,Middle Atlantic,19307066,13902265,3358828,2045973,4922253,5309547,5458301,2841506,775459,3359065,15948001,9966620,9340446
2009,North Carolina,37,South,South Atlantic,9449566,6856459,2064933,528174,2552467,2559059,2614118,1416760,307162,770622,8678944,4846501,4603065
2009,North Dakota,38,Midwest,West North Central,664968,603186,8166,53616,170889,183014,180325,98863,31877,13276,651692,329674,335294
2009,Ohio,39,Midwest,East North Central,11528896,9675738,1421031,432127,3087465,2905262,3293615,1772397,470157,344550,11184346,5902018,5626878
2009,Oklahoma,40,South,West South Central,3717572,2836043,281437,600092,1034601,998892,985905,568271,129903,319289,3398283,1878034,1839538
2009,Oregon,41,West,Pacific,3808600,3391395,73298,343907,972889,1027745,1060335,596783,150848,438205,3370395,1923209,1885391
2009,Pennsylvania,42,Northeast,Middle Atlantic,12666858,10659092,1421059,586707,3196745,3143532,3668006,2044750,613825,693817,11973041,6497024,6169834
2009,Rhode Island,44,Northeast,New England ,1053646,913480,74365,65801,264987,273886,305859,157306,51608,127861,925785,544764,508882
2009,South Carolina,45,South,South Atlantic,4589872,3141756,1295429,152687,1225444,1215266,1262728,739031,147403,225836,4364036,2357030,2232842
2009,South Dakota,46,Midwest,West North Central,807067,701817,10104,95146,225225,206777,218147,119990,36928,21709,785358,403198,403869
2009,Tennessee,47,South,East South Central,6306019,5031693,1059243,215083,1674771,1674194,1762706,986102,208246,278598,6027421,3231769,3074250
2009,Texas,48,South,West South Central,24801761,20162083,3020504,1619174,7543609,7127287,6464428,3027308,639129,9239906,15561855,12500150,12301611
2009,Utah,49,West,Mountain,2723421,2514266,32768,176387,949690,842681,585792,281160,64098,347583,2375838,1355509,1367912
2009,Vermont,50,Northeast,New England ,624817,597923,6534,20360,151791,150314,193738,103714,25260,9274,615543,317128,307689
2009,Virginia,51,South,South Atlantic,7925937,5690274,1565478,670185,2076842,2187886,2278168,1134160,248881,607430,7318507,4037895,3888042
2009,Washington,53,West,Pacific,6667426,5505691,250117,911618,1763887,1841817,1889915,946189,225618,729810,5937616,3343920,3323506
2009,West Virginia,54,South,South Atlantic,1847775,1742732,63417,41626,440868,455143,537163,336091,78510,22044,1825731,937434,910341
2009,Wisconsin,55,Midwest,East North Central,5669264,5030324,363022,275918,1507858,1454149,1640016,834171,233070,325679,5343585,2856103,2813161
2009,Wyoming,56,West,Mountain,559851,525475,5402,28974,151455,151121,157758,81770,17747,48769,511082,274046,285805
2010,Alabama,1,South,East South Central,4779736,3362877,1259224,157635,1276312,1252674,1316831,769464,164455,185602,4594134,2459548,2320188
2010,Alaska,2,West,Pacific,710231,483873,24441,201917,207840,203377,208138,80180,10696,39249,670982,340603,369628
2010,Arizona,4,West,Mountain,6392017,5418483,280905,692629,1819641,1714970,1624615,1011113,221678,1895149,4496868,3216194,3175823
2010,Arkansas,5,South,West South Central,2915918,2342403,454021,119494,795930,759156,773820,479374,107638,186050,2729868,1484281,1431637
2010,California,6,West,Pacific,37253956,27636403,2486549,7131004,10452042,10657405,10065798,4874504,1204207,14013719,23240237,18736126,18517830
2010,Colorado,8,West,Mountain,5029196,4450623,214919,363654,1364692,1428498,1417101,676148,142757,1038687,3990509,2508534,2520662
2010,Connecticut,9,Northeast,New England ,3574097,2950820,392131,231146,915776,870676,1077791,547491,162363,479087,3095010,1834483,1739614
2010,Delaware,10,South,South Atlantic,897934,645770,196281,55883,233803,229613,252128,149451,32939,73221,824713,462995,434939
2010,District of Columbia,11,South,South Atlantic,601723,251265,310379,40079,123720,231780,147711,78492,20020,54749,546974,317501,284222
2010,Florida,12,South,South Atlantic,18801310,14808867,3078067,914376,4512990,4696770,5196698,3478704,916148,4223806,14577504,9611955,9189355
2010,Georgia,13,South,South Atlantic,9687653,6144931,2993927,548795,2781629,2713699,2664284,1285170,242871,853689,8833964,4958482,4729171
2010,Hawaii,15,West,Pacific,1360301,349051,22473,988777,338301,367918,376722,217420,59940,120842,1239459,679058,681243
2010,Idaho,16,West,Mountain,1567582,1476097,10950,80535,475281,414019,400298,227128,50856,175901,1391681,782258,785324
2010,Illinois,17,Midwest,East North Central,12830632,10030587,1903458,896587,3496522,3510711,3548757,1804349,470293,2027578,10803054,6538356,6292276
2010,Indiana,18,Midwest,East North Central,6483802,5638833,603797,241172,1806582,1696382,1789102,954806,236930,389707,6094095,3294065,3189737
2010,Iowa,19,Midwest,West North Central,3046355,2839615,91695,115045,820510,773081,831519,476400,144845,151544,2894811,1538036,1508319
2010,Kansas,20,Midwest,West North Central,2853118,2501057,173298,178763,810644,754562,763061,408590,116261,300042,2553076,1437710,1415408
2010,Kentucky,21,South,East South Central,4339367,3864193,342804,132370,1146204,1141595,1222375,681672,147521,132836,4206531,2204415,2134952
2010,Louisiana,22,South,West South Central,4533372,2902875,1462969,167528,1254237,1243221,1235062,657865,142987,192560,4340812,2314080,2219292
2010,Maine,23,Northeast,New England ,1328361,1269764,16269,42328,310959,304175,412487,241205,59535,16935,1311426,678305,650056
2010,Maryland,24,South,South Atlantic,5773552,3541379,1731513,500660,1516626,1533149,1698356,828715,196706,470632,5302920,2981790,2791762
2010,Massachusetts,25,Northeast,New England ,6547629,5524937,504365,518327,1621143,1739004,1914211,989599,283672,627654,5919975,3381001,3166628
2010,Michigan,26,Midwest,East North Central,9883640,7949497,1416067,518076,2648885,2445714,2858700,1537605,392736,436358,9447282,5035526,4848114
2010,Minnesota,27,Midwest,West North Central,5303925,4623461,280949,399515,1431211,1399427,1510391,756316,206580,250258,5053667,2671793,2632132
2010,Mississippi,28,South,East South Central,2967297,1789391,1103101,74805,849495,785515,791124,445101,96062,81481,2885816,1526057,1441240
2010,Missouri,29,Midwest,West North Central,5988927,5038407,700178,250342,1601411,1556826,1659103,939054,232533,212470,5776457,3055450,2933477
2010,Montana,30,West,Mountain,989415,891529,4215,93671,251036,245577,283117,169322,40363,28565,960850,492748,496667
2010,Nebraska,31,Midwest,West North Central,1826341,1649264,85971,91106,512472,484813,486889,265051,77116,167405,1658936,920045,906296
2010,Nevada,32,West,Mountain,2700551,2106494,231224,362833,736328,756447,732493,406208,69075,716501,1984050,1336935,1363616
2010,New Hampshire,33,Northeast,New England ,1316470,1248321,16365,51784,325802,311170,419276,210490,49732,36704,1279766,667076,649394
2010,New Jersey,34,Northeast,Middle Atlantic,8791894,6546498,1282005,963391,2291204,2239418,2594737,1307691,358844,1555144,7236750,4512294,4279600
2010,New Mexico,35,West,Mountain,2059179,1720992,49006,289181,579841,532918,554028,324161,68231,953403,1105776,1041758,1017421
2010,New York,36,Northeast,Middle Atlantic,19378102,13901661,3378047,2098394,4897511,5324396,5471992,2901669,782534,3416922,15961180,10000955,9377147
2010,North Carolina,37,South,South Atlantic,9535483,6898296,2088362,548825,2558680,2568009,2636676,1459261,312857,800120,8735363,4889991,4645492
2010,North Dakota,38,Midwest,West North Central,672591,609136,8248,55207,171935,186506,180800,101114,32236,13467,659124,332727,339864
2010,Ohio,39,Midwest,East North Central,11536504,9664524,1426861,445119,3067126,2891537,3290417,1813162,474262,354674,11181830,5904348,5632156
2010,Oklahoma,40,South,West South Central,3751351,2851510,284332,615509,1041610,1008739,989775,580031,131196,332007,3419344,1894374,1856977
2010,Oregon,41,West,Pacific,3831074,3403252,74414,353408,972183,1028355,1060860,617785,151891,450062,3381012,1935072,1896002
2010,Pennsylvania,42,Northeast,Middle Atlantic,12702379,10663774,1431826,606779,3179390,3149552,3670834,2085166,617437,719660,11982719,6512016,6190363
2010,Rhode Island,44,Northeast,New England ,1052567,910253,75073,67241,261758,272859,306114,160479,51357,130655,921912,544167,508400
2010,South Carolina,45,South,South Atlantic,4625364,3164143,1302865,158356,1224425,1221232,1267278,762846,149583,235682,4389682,2375263,2250101
2010,South Dakota,46,Midwest,West North Central,814180,706690,10533,96957,226740,208791,218495,122924,37230,22119,792061,406799,407381
2010,Tennessee,47,South,East South Central,6346105,5056311,1068010,221784,1676121,1673863,1771935,1012315,211871,290059,6056046,3252601,3093504
2010,Texas,48,South,West South Central,25145561,20389793,3070440,1685328,7621714,7194139,6553055,3124268,652385,9460921,15684640,12673281,12472280
2010,Utah,49,West,Mountain,2763885,2547329,33864,182692,962537,850607,594160,291178,65403,358340,2405545,1375568,1388317
2010,Vermont,50,Northeast,New England ,625741,598592,6456,20693,150255,149831,193343,106732,25580,9208,616533,317535,308206
2010,Virginia,51,South,South Atlantic,8001024,5725432,1579414,696178,2083685,2202573,2295460,1166102,253204,631825,7369199,4075041,3925983
2010,Washington,53,West,Pacific,6724540,5535262,252333,936945,1769895,1843900,1900981,981375,228389,755790,5968750,3374833,3349707
2010,West Virginia,54,South,South Atlantic,1852994,1746513,63885,42596,439213,455038,535882,343702,79159,22268,1830726,939408,913586
2010,Wisconsin,55,Midwest,East North Central,5686986,5036923,367021,283042,1502196,1453574,1640077,855573,235566,336056,5350930,2864586,2822400
2010,Wyoming,56,West,Mountain,563626,529110,5135,29381,151513,151828,157628,84627,18030,50231,513395,276189,287437
